alpha,bin_center,inference_density,n_steps
1.0,0.7071067811865476,0.0,11
1.0,2.121320343559643,0.0,30
1.0,3.5355339059327378,0.0,72
1.0,4.949747468305834,0.0,63
1.0,6.363961030678928,0.0,24
